id,ign
1,s1mple
2,NiKo
3,m0NESY
4,TenZ
5,b1t
6,Twistzz
7,ZywOo
8,XANTARES
9,ropz
10,ScreaM
11,dev1ce
12,mL7
13,yay
14,shroud
15,kennyS
16,electronic
17,L1NK
18,Mistic
19,YEKINDAR
20,Aunkere
21,Enzo
22,Leo
23,b0i
24,Kyedae
25,pAura
26,d3ffo
27,Kephrii
28,Alfajer
29,SirMaza
30,Mazino
31,sScary
32,Shao
33,Melser
34,Toose
35,ops
36,EpikWhale
37,Kenzo
38,Sommerset
39,MrSavage
40,TaySon
41,aqua
42,Rogue
43,Victor
44,Marved
45,phaze
46,trent
47,Suygetsu
48,foxz
49,lyr1c
50,sushiboys
51,Crws
52,Xdll
53,mwzera
54,Patiphan
55,Cryocells
56,Chronicle
57,BCJ
58,pANcada
59,C0M
60,Nozwerr
61,Nick Eh 30
62,Bugha
63,Taxi2g
64,Jacob
65,Zander
66,SugarZ3ro
67,Faide
68,NagZet
69,derrek
70,Laz
71,ethos
72,Zyppan
73,nukkye
74,Necros
75,benjyfishy
76,Malibuca
77,Setty
78,dgzin
79,BuZz
80,itsJerian
81,Martoz
82,keznit
83,aspas
84,nAts
85,iiTzTimmy
86,Peterbot
87,f0rsakeN
88,Bucke
89,babybay
90,Noahreyli
91,7ssk7
92,Tfue
93,cauanzin
94,Jinggg
95,d4v41
96,tuyz
97,Sacy
98,Sayf
99,AslaN
100,Shyy
101,rhyme
102,keloqz
103,Meddo
104,Asuna
105,dapr
106,bang
107,stellar
108,soulcas
109,leaf
110,ImperialHal
111,Zekken
112,Shanks
113,Surefour
114,koldamenta
115,adverso
116,Sheydos
117,mimi
118,trexx
119,xmpl
120,Beaulo
121,Viss
122,Spoit
123,Pengu
124,ibiza
125,SILERZZ
126,ubah
127,TGLTN
128,Jeemzz
129,chocoTaco
130,Pio
131,Fuzzface
132,BreaK
133,wippie
134,Apryze
135,byali
136,honda
137,fox
138,DD
139,adreN
140,Kvem
141,neaLaN
142,maty
143,tudsoN
144,Lucky
145,LUCAS1
146,xsepower
147,Freeman
148,Walco
149,steel
150,JamYoung
151,MAJ3R
152,wiz
153,malta
154,tenzki
155,Nifty
156,Maniac
157,stanislaw
158,JDC
159,Buzz
160,meyern
161,v1c7oR
162,h4rn
163,REDSTAR
164,speed4k
165,allu
166,aizy
167,denis
168,XigN
169,balblna
170,mds
171,Dosia
172,mou
173,AdreN
174,SANJI
175,MODDII
176,Bubzkji
177,USTILO
178,Sonic
179,kressy
180,fl0m
181,dennis
182,bondik
183,sycrone
184,EspiranTo
185,NaToSaphiX
186,oBo
187,HS
188,Edward
189,Xizt
190,MICHU
191,doto
192,keiz
193,waterfaLLZ
194,Senoxe
195,kRYSTAL
196,gAuLeS
197,hutji
198,bit
199,ISSAA
200,kyxsan
201,smooya
202,KrizzeN
203,emi
204,phr
205,morelz
206,mouz
207,GruBy
208,seized
209,GuardiaN
210,xertioN
211,kolor
212,CRUC1AL
213,rallen
214,Surreal
215,draken
216,w0nderful
217,nqz
218,Nertz
219,clax
220,ztr
221,Lobanjica
222,Pimp
223,DemQQ
224,stfN
225,SIXER
226,fitch
227,Almazer
228,skywhywalker
229,HexT
230,Nodios
231,Xand
232,LogaN
233,xms
234,Raijin
235,buda
236,s1n
237,Annihilation
238,fANDER
239,ngiN
240,Smithzz
241,DavCost
242,kinqie
243,motm
244,svyat
245,Jackinho
246,kory
247,1mpala
248,jR
249,rAge
250,JUGi
251,Moose
252,Mercury
253,Vexite
254,joel
255,erkaSt
256,somebody
257,Zeus
258,RpK
259,RUBINO
260,summit1g
261,Starry
262,jL
263,fear
264,Rock1nG
265,TMB
266,S0TF1k
267,crush
268,kyuubii
269,Dimaoneshot
270,devoduvek
271,blocker
272,MistR
273,CacaNito
274,matys
275,Soulfly
276,skullz
277,kst
278,Kaze
279,MartinezSa
280,suNny
281,sausol
282,lux
283,ZOREE
284,Jeorge
285,seangares
286,mertz
287,fostar
288,DEVIL
289,NEO
290,TaZ
291,ChrisJ
292,togs
293,npl
294,supra
295,innocent
296,Cooper
297,Lucaozy
298,jemi
299,xccurate
300,iDISBALANCE
301,FlipiN
302,paz
303,freakazoid
304,z4kr
305,cromen
306,Golden
307,DeStiNy
308,realzin
309,shz
310,zevy
311,Kristou
312,Queenix
313,Jyo
314,zehN
315,ramz1k
316,Znorux
317,Radifaction
318,TOAO
319,jnt
320,danoco
321,daps
322,sergej
323,facecrack
324,captainMo
325,yel
326,k1to
327,SHOOWTiME
328,MarKE
329,Rickeh
330,t0rick
331,ableJ
332,ScrunK
333,mir
334,AMANEK
335,Krimbo
336,k0nfig
337,blameF
338,VINI
339,GeT_RiGhT
340,FalleN
341,fer
342,Stewie2k
343,Farlig
344,Chawzyyy
345,BOROS
346,HEN1
347,es3tag
348,REZ
349,Brollan
350,Jimpphat
351,misutaaa
352,Peppzor
353,apEX
354,Fessor
355,FURIOUSSS
356,Maikelele
357,Boombl4
358,Perfecto
359,regali
360,RuStY
361,iM
362,poizon
363,forsyy
364,Banjo
365,Magisk
366,dupreeh
367,Zero
368,isak
369,eraa
370,tabseN
371,refrezh
372,cadiaN
373,FaNg
374,JT
375,Grim
376,junior
377,floppy
378,Jerry
379,stavn
380,rigoN
381,SENER1
382,Zyphon
383,jabbi
384,roeJ
385,nicoodoz
386,HooXi
387,sjuush
388,TeSeS
389,gxx
390,zorte
391,KENSI
392,Brehze
393,RUSH
394,interz
395,sh1ro
396,HObbit
397,Xyp9x
398,gla1ve
399,mwlky
400,CeRq
401,EliGE
402,XELLOW
403,FinigaN
404,NAF
405,dav1d
406,rox
407,max
408,shox
409,oSee
410,ultimate
411,Jamppi
412,F1KU
413,s1ren
414,Furlan
415,jedqr
416,Goofy
417,Sobol
418,Marix
419,Staehr
420,leman
421,Grashog
422,kRaSnaL
423,Nivera
424,vanity
425,xeta
426,Aleksib
427,D0cC
428,slaxz
429,Spiidi
430,raalz
431,Norwi
432,fame
433,ardiis
434,Tacolilla
435,Less
436,Sayaplayer
437,SoOn
438,dicey
439,aceu
440,AvovA
441,sinatraa
442,governor
443,crashies
444,Doma
445,KRYPTIX
446,mitch
447,Redgar
448,cNed
449,Zeek
450,Kiles
451,Rawkus
452,curry
453,FASHR
454,Recrent
455,Benkai
456,mindfreak
457,TENNN
458,Dep
459,crow
460,ShadoW
461,Zest
462,MaKo
463,stax
464,valyn
465,hoody
466,neT
467,Kanpeki
468,Rb
469,effys
470,Lakia
471,Saadhak
472,X5G7V
473,sinnopsyy
474,juanflatroo
475,mhL
476,siuhy
477,szejn
478,JOTA
479,Tuurtle
480,shalfey
481,coldzera
482,Daffu
483,maNkz
484,birdfromsky
485,BnTeT
486,WOOD7
487,brnz4n
488,rain
489,Python
490,autimatic
491,nitr0
492,tarik
493,JASONR
494,Relyks
495,Drone
496,Cutler
497,Will
498,delz1k
499,AYRIN
500,nython
501,Wardell
502,headtr1ck
503,dgt
504,karrigan
505,dephh
506,broky
507,JACKZ
508,AZK
509,Skadoodle
510,mixwell
511,Ethan
512,Hiko
513,huNter
514,SicK
515,ShahZaM
516,FNS
517,ANGE1
518,Subroza
519,Zellsis
520,pyth
521,brax
522,dimasick
523,vice
524,lowel
525,s0m
526,hazed
527,tiziaN
528,flusha
529,Snax
530,PKL
531,cajunb
532,SLOWLY
533,KioShiMa
534,mirbit
535,NickelBack
536,Lack1
537,Krad
538,latto
539,dream3r
540,mezii
541,b0RUP
542,MiGHTYMAX
543,sterling
544,DANK1NG
545,Summer
546,Attacker
547,Rainwaker
548,dennyslaw
549,Forester
550,El1an
551,LNZ
552,phzy
553,boX
554,Wolfy
555,alex
556,mopoz
557,hAdji
558,dav1g
559,SunPayus
560,olofmeister
561,pashaBiceps
562,felps
563,TACO
564,dumau
565,b4rtiN
566,anarkez
567,shokz
568,kreaz
569,PlesseN
570,n0thing
571,bodyy
572,JW
573,gade
574,SZPERO
575,snatchie
576,xns
577,prt
578,pesadelo
579,Maluk3
580,trk
581,Kyojin
582,Keoz
583,nawwk
584,STYKO
585,Kvik
586,jmqa
587,sLowi
588,ottoNd
589,xseveN
590,Aerial
591,Kjaerbye
592,AcilioN
593,jkaem
594,Maka
595,Woro2k
596,flamie
597,lollipop21k
598,Jonji
599,lauNX
600,HEAP
601,hallzerk
602,f0rest
603,friberg
604,n0rb3r7
605,deko
606,leo_drk
607,ZEDKO
608,beastik
609,NBK-
610,jks
611,sdy
612,kNgV-
613,try
614,malbsMd
615,vsm
616,ALEX
617,NEKIZ
618,maden
619,Spinx
620,hades
621,dycha
622,Snappi
623,MSL
624,Luken
625,sk0R
626,Hatz
627,bLitz
628,yuurih
629,arT
630,boltz
631,fnx
632,Sico
633,nin9
634,kabal
635,Techno4K
636,saffee
637,drop
638,kscerato
639,INS
640,aliStair
641,woxic
642,exit
643,chelo
644,hampus
645,Plopski
646,Ax1Le
647,nafany
648,Xeppaa
649,faveN
650,Calyx
651,xfl0ud
652,chopper
653,Liazz
654,Jame
655,Qikert
656,FL1T
657,buster
658,Patsi
659,degster
660,magixx
661,syrsoN
662,KRIMZ
663,Valde
664,MUTiRiS
665,AZR
666,afro
667,Ex3rcice
668,Djoko
669,DeathZz
670,bubble
671,Gratisfaction
672,SHiPZ
673,Bymas
674,frozen
675,torzsi
676,imoRR
677,dexter
678,rmn
679,acoR
680,niko
681,biguzera
682,flameZ
683,oskar
684,nexa
685,mantuu
686,NEOFRAG
687,SHOCK
688,Lekr0
689,twist
690,stadodo
691,arki
692,JUST
693,hardzao
694,Kragie
695,Dizzy
696,shinobi
697,psalm
698,rpr
699,Nocturnal
700,LiNkzr
701,ZmjjKK
702,Wanted
703,dafran
704,ryujehong
705,Saebyeolbe
706,Yuki
707,Sleepy
708,Xepher
709,aproto
710,Klaus
711,Sceptic
712,KarQ
713,Mickie
714,xQc
715,Crylix
716,SEIDER
717,Russ
718,Deyy
719,jacobbb
720,Kamo
721,dooplex
722,Assault
723,Letshe
724,Genburten
725,kiNgg
726,Jarvis
727,YukaF
728,Lothar
729,SkittleCakes
730,eeiu
731,Zemie
732,Reet
733,Scoped
734,Wolfiez
735,Fresh
736,Megga
737,Drakonz
738,Pulga
739,CouRage
740,Commandment
741,Emad
742,Dubs
743,Cizzorz
744,Thiefs
745,72hrs
746,POW3R
747,Nikof
748,Jelty
749,letw1k3
750,Replays
751,K1NG
752,Nate Hill
753,ZexRow
754,H1ghsky1
755,Milan
756,DrLupo
757,Gotaga
758,Avxry
759,Typical Gamer
760,Nayte
761,SypherPK
762,Vorwenn
763,Pate1k
764,Endretta
765,Th0masHD
766,Chap
767,ErycTriceps
768,Nicks
769,DiegoGB
770,K1nzell
771,Kiryache32
772,Stable Ronaldo
773,Teeqzy
774,4DRStorm
775,DaZeD
776,al0rante
777,Derke
778,Surf
779,BONECOLD
780,starxo
781,frttt
782,Davidp
783,seb
784,zombs
785,Myth
786,Horcus
787,Stretch
788,ec1s
789,Corey
790,ZachaREEE
791,aimdll
792,paTiTek
793,JonahP
794,Boaster
795,Danteh
796,Jake
797,Pine
798,Fate
799,Profit
800,EFFECT
801,Architect
802,Poko
803,Harbleu
804,Striker
805,ANS
806,Super
807,Fury
808,OGE
809,SPACE
810,Carpe
811,Anamo
812,JJoNaK
813,Fleta
814,Hydration
815,Arkhram
816,Nadeshot
817,Kreo
818,Marksman
819,Punisher
820,Stompy
821,Ceice
822,Anas
823,Hamlinz
824,Calc
825,Daequan
826,Tilt
827,RazorX
828,POACH
829,Edgey
830,innocents
831,Unknown
832,Rehx
833,Zayt
834,Jesse
835,Aydan
836,Khanada
837,Saf
838,Bizzle
839,Flikk
840,Mitr0
841,Cented
842,Thwifo
843,Ninja
844,Nickmercs
845,Symfuhny
846,Marz
847,Jordan
848,Sway
849,Cloakzy
850,timthetatman
851,Noko
852,Hardecki
853,Flanker
854,Shiv
855,Diegosaurs
856,Sweet
857,stormen
858,Mande
859,HisWattson
860,Mendo
861,Reps
862,Albralelie
863,HAL
864,Snip3down
865,rocker
866,nafen
867,Seagull
868,Dropped
869,9impulse
870,Huskerrs
871,Leleo
872,Queasy
873,Jamside
874,Aspect
875,Animal
876,Jannis
877,Reverse2k
878,Kinstaar
879,Riversan
880,Dakotaz
881,Skram
882,Jur3ky
883,clarityG
884,MOTOR
885,Chapix
886,Vadeal
887,nyhrox
888,volx
889,LOLiTO FDEZ
890,4zr
891,DrDisRespect
892,Andilex
893,Clix
894,blackoutz
895,Mongraal
896,Crust
897,Hakis
898,Monsoon
899,Zachmazer
900,Ado
901,Kalios
902,Swagg
